{
	"문희": {
		"기쁨": 32.04081632653061,
		"슬픔": 37.755102040816325,
		"분노": 30.20408163265306
	},
	"순재": {
		"기쁨": 11.32404181184669,
		"슬픔": 14.169570267131244,
		"분노": 74.50638792102207
	},
	"해미": {
		"기쁨": 61.016949152542374,
		"슬픔": 32.20338983050847,
		"분노": 6.779661016949152
	},
	"준하": {
		"기쁨": 31.732168850072778,
		"슬픔": 22.12518195050946,
		"분노": 46.142649199417754
	},
	"민호": {
		"기쁨": 27.03488372093023,
		"슬픔": 35.46511627906977,
		"분노": 37.5
	},
	"윤호": {
		"기쁨": 27.507163323782237,
		"슬픔": 30.08595988538682,
		"분노": 42.40687679083094
	},
	"민용": {
		"기쁨": 25.90909090909091,
		"슬픔": 30.606060606060602,
		"분노": 43.484848484848484
	},
	"신지": {
		"기쁨": 34.66334164588529,
		"슬픔": 35.16209476309227,
		"분노": 30.174563591022448
	},
	"민정": {
		"기쁨": 37.450980392156865,
		"슬픔": 52.156862745098046,
		"분노": 10.392156862745098
	},
	"유미": {
		"기쁨": 29.66101694915254,
		"슬픔": 53.38983050847458,
		"분노": 16.94915254237288
	},
	"범": {
		"기쁨": 36.15819209039548,
		"슬픔": 33.89830508474576,
		"분노": 29.943502824858758
	},
	"교감": {
		"기쁨": 34.375,
		"슬픔": 56.25,
		"분노": 9.375
	},
	"개성댁": {
		"기쁨": 20.0,
		"슬픔": 25.0,
		"분노": 55.00000000000001
	},
	"찬성": {
		"기쁨": 39.189189189189186,
		"슬픔": 16.216216216216218,
		"분노": 44.5945945945946
	}
}